Gene name,Ensembl ID,lead SNP,Trait,Other Traits GWAS significant in meta-analysis,chr,Variant_posa,Entrez ID,Biotype,Distanceb,<500kbpc,GWAS Hitd,All_evidencee,MostSevereConsequencef,PPC_Gene_MODERATEandHIGHg,EO_OAh,"bone diseases, developmentali",Coloc_Tissuesj,Piccolo_Tissuesk,MetaXcan_Tissuesl,Animal_Skeletonm,Prot_logFCn,Prot_FDRo,RNASeq_logFCp,RNASeq_FDRq,msh_Mendelr
COL11A1,ENSG00000060718,rs4338381,OA_hip,OA;OA_kneehip,1,103572927,1301,protein_coding,0,1,1,_EO-OA_Animal-skeletal_,NA,NA,yes,NA,-,-,-,abnormal costal cartilage morphology; abnormal long bone epiphyseal plate proliferative zone; increased diameter of long bones; abnormal epiphyseal plate morphology; small Meckel's cartilage; abnormal trabecular bone morphology; abnormal joint morphology; abnormal hyaline cartilage morphology; abnormal long bone metaphysis morphology; abnormal long bone diaphysis morphology; decreased bone mineralization; osteoarthritis; abnormal bone marrow cavity morphology; abnormal long bone epiphyseal plate morphology; abnormal joint mobility; decreased length of long bones; abnormal tracheal cartilage morphology; abnormal chondrocyte morphology; short mandible; abnormal endochondral bone ossification,NA,NA,NA,NA,"intervertebral disc degeneration|osteochondrodysplasias|vitreous detachment|collagen diseases|myopia|osteochondrodysplasias|abnormalities, multiple|vitreous detachment|dwarfism"
OTUD7B,ENSG00000264522,1:150214028_CT_C,OA,OA_hip,1,150214028,56957,protein_coding,231403,1,2,_Animal-skeletal_,NA,NA,NA,NA,-,-,-,fusion of vertebral arches,NA,NA,NA,NA,0
APH1A,ENSG00000117362,1:150214028_CT_C,OA,OA_hip,1,150214028,51107,protein_coding,-27952,1,2,_Animal-skeletal_DEGmRNA,NA,NA,NA,NA,-,-,-,abnormal sclerotome morphology,NA,NA,0.110547695,0.027601034,NA
ECM1,ENSG00000143369,1:150214028_CT_C,OA,OA_hip,1,150214028,1893,protein_coding,-272237,1,2,Missense_coloc_DEGmRNA,missense_variant,0.05488568,NA,NA,gtex7_brain_caudate_basal_ganglia,-,-,NA,NA,NA,0.47442452,0.000674931,lipoid proteinosis of urbach and wiethe|lipoid proteinosis of urbach and wiethe
COX20,ENSG00000203667,rs10218792,OA,NA,1,245750932,116228,protein_coding,742573,0,6,_DEGProt_,NA,NA,NA,NA,-,-,-,NA,0.379179881,0.021819242,NA,NA,cytochrome-c oxidase deficiency|cytochrome-c oxidase deficiency|cytochrome-c oxidase deficiency
LTBP1,ENSG00000049323,rs2061027,OA,OA_knee;OA_kneehip,2,33434336,4052,protein_coding,0,1,7,_coloc_MetaXcan_Animal-skeletal_,NA,NA,NA,NA,gtex7_artery_tibial,-,gtex7_artery_tibial,abnormal jaw morphology; short mandible; abnormal ulna morphology; abnormal cranium morphology; small basisphenoid bone; abnormal tooth morphology; abnormal radius morphology; abnormal lower incisor morphology; abnormal incisor morphology; decreased bone mineral content; small basioccipital bone; short maxilla,NA,NA,NA,NA,0
FAM98A,ENSG00000119812,rs2061027,OA,OA_knee;OA_kneehip,2,33434336,25940,protein_coding,-390113,1,7,_DEGmRNA,NA,NA,NA,NA,-,-,-,NA,NA,NA,-0.217370247,0.003888967,0
PCYOX1,ENSG00000116005,rs3771501,OA,OA_hip;OA_kneehip,2,70717653,51449,protein_coding,209330,1,8,_DEGProt_DEGmRNA,NA,NA,NA,NA,-,-,-,NA,-0.271656903,0.004170334,0.273570094,0.004687421,NA
FAM136A,ENSG00000035141,rs3771501,OA,OA_hip;OA_kneehip,2,70717653,84908,protein_coding,188431,1,8,_DEGmRNA,NA,NA,NA,NA,-,-,-,NA,NA,NA,-0.195165858,0.006637061,0
NAGK,ENSG00000124357,rs3771501,OA,OA_hip;OA_kneehip,2,70717653,55577,protein_coding,-589282,0,8,_DEGmRNA,NA,NA,NA,NA,-,-,-,NA,NA,NA,-0.223610656,0.00602805,0
DYSF,ENSG00000135636,rs3771501,OA,OA_hip;OA_kneehip,2,70717653,8291,protein_coding,-1196245,0,8,_DEGmRNA,NA,NA,NA,NA,-,-,-,NA,NA,NA,0.405442945,0.008826471,"distal myopathies|muscular dystrophies, limb-girdle|distal myopathies|muscular dystrophies, limb-girdle|distal myopathies|distal myopathies|myopathies, structural, congenital"
GLS,ENSG00000115419,rs12470967,OA_knee,OA_kneehip,2,192671981,2744,protein_coding,841703,0,9,_DEGmRNA,NA,NA,NA,NA,-,-,-,NA,NA,NA,-0.231122157,0.029877963,0
CARF,ENSG00000138380,rs62182810,OA,NA,2,204387482,79800,protein_coding,535696,0,10,_coloc_MetaXcan_,NA,NA,NA,NA,gtex7_vagina;gtex7_esophagus_muscularis;gtex7_lung;gtex7_thyroid,-,gtex7_adipose_subcutaneous;gtex7_cells_transformed_fibroblasts;gtex7_heart_atrial_appendage;gtex7_skin_not_sun_exposed_suprapubic,NA,NA,NA,NA,NA,0
CTLA4,ENSG00000163599,rs62182810,OA,NA,2,204387482,1493,protein_coding,-351201,1,10,_Animal-skeletal_,NA,NA,NA,NA,-,-,-,joint inflammation,NA,NA,NA,NA,"autoimmune lymphoproliferative syndrome|mycosis fungoides|celiac disease|myasthenia gravis|diabetes mellitus, type 1|hashimoto disease|autoimmune lymphoproliferative syndrome|granulomatosis with polyangiitis"
P4HTM,ENSG00000178467,rs62262139,OA,NA,3,50022049,54681,protein_coding,977462,0,11,_DEGmRNA,NA,NA,NA,NA,-,-,-,NA,NA,NA,0.264862017,0.010527271,0
WDR6,ENSG00000178252,rs62262139,OA,NA,3,50022049,11180,protein_coding,968663,0,11,_DEGmRNA,NA,NA,NA,NA,-,-,-,NA,NA,NA,-0.147532526,0.022839276,0
IMPDH2,ENSG00000178035,rs62262139,OA,NA,3,50022049,3615,protein_coding,955208,0,11,_DEGProt_,NA,NA,NA,NA,-,-,-,NA,-0.237015091,0.010277587,NA,NA,NA
LAMB2,ENSG00000172037,rs62262139,OA,NA,3,50022049,3913,protein_coding,851498,0,11,_DEGmRNA,NA,NA,NA,NA,-,-,-,NA,NA,NA,0.316854997,0.017825323,"pupil disorders|nephrotic syndrome|pupil disorders|nephrotic syndrome|myasthenic syndromes, congenital"
DAG1,ENSG00000173402,rs62262139,OA,NA,3,50022049,1605,protein_coding,448998,1,11,_DEGmRNA,NA,NA,NA,NA,-,-,-,NA,NA,NA,0.293967285,0.000255546,"walker-warburg syndrome|walker-warburg syndrome|myopathies, structural, congenital|walker-warburg syndrome|muscular dystrophies, limb-girdle"
RNF123,ENSG00000164068,rs62262139,OA,NA,3,50022049,63891,protein_coding,263087,1,11,_coloc_MetaXcan_,NA,NA,NA,NA,gtex7_brain_caudate_basal_ganglia,-,gtex7_adipose_subcutaneous;gtex7_adipose_visceral_omentum;gtex7_brain_amygdala;gtex7_brain_anterior_cingulate_cortex_ba24;gtex7_brain_caudate_basal_ganglia;gtex7_brain_cortex;gtex7_colon_transverse;gtex7_esophagus_muscularis;gtex7_lung;gtex7_thyroid,NA,NA,NA,NA,NA,0
ACTBP13,ENSG00000234667,rs62262139,OA,NA,3,50022049,NA,unitary_pseudogene,107311,1,11,_coloc_MetaXcan_,NA,NA,NA,NA,gtex7_skin_not_sun_exposed_suprapubic;gtex7_skin_sun_exposed_lower_leg,-,gtex7_colon_transverse;gtex7_skin_not_sun_exposed_suprapubic;gtex7_skin_sun_exposed_lower_leg,NA,NA,NA,NA,NA,NA
RBM6,ENSG00000004534,rs62262139,OA,NA,3,50022049,10180,protein_coding,0,1,11,_coloc_MetaXcan_,NA,NA,NA,NA,gtex7_pituitary;gtex7_heart_atrial_appendage;gtex7_colon_transverse;gtex7_artery_tibial;gtex7_colon_sigmoid;gtex7_brain_spinal_cord_cervical_c1;gtex7_brain_putamen_basal_ganglia;gtex7_pancreas;gtex7_esophagus_gastroesophageal_junction;gtex7_cells_ebvtransformed_lymphocytes;gtex7_brain_hypothalamus;gtex7_heart_left_ventricle;gtex7_whole_blood;gtex7_adipose_subcutaneous;gtex7_cells_transformed_fibroblasts;gtex7_adipose_visceral_omentum;gtex7_adrenal_gland;gtex7_breast_mammary_tissue;gtex7_skin_not_sun_exposed_suprapubic;gtex7_brain_frontal_cortex_ba9;gtex7_nerve_tibial;gtex7_thyroid;gtex7_small_intestine_terminal_ileum;gtex7_liver;gtex7_prostate;gtex7_esophagus_muscularis;gtex7_brain_nucleus_accumbens_basal_ganglia;gtex7_vagina;gtex7_artery_aorta;gtex7_brain_substantia_nigra;gtex7_brain_hippocampus;gtex7_lung;gtex7_brain_caudate_basal_ganglia;gtex7_artery_coronary;gtex7_brain_cerebellum;gtex7_muscle_skeletal;gtex7_stomach;gtex7_spleen;gtex7_brain_cortex;gtex7_esophagus_mucosa;gtex7_testis;gtex7_uterus;gtex7_skin_sun_exposed_lower_leg;gtex7_minor_salivary_gland;gtex7_ovary,-,gtex7_adipose_subcutaneous;gtex7_adipose_visceral_omentum;gtex7_adrenal_gland;gtex7_artery_aorta;gtex7_artery_coronary;gtex7_artery_tibial;gtex7_brain_anterior_cingulate_cortex_ba24;gtex7_brain_caudate_basal_ganglia;gtex7_brain_cortex;gtex7_brain_hippocampus;gtex7_brain_substantia_nigra;gtex7_breast_mammary_tissue;gtex7_colon_transverse;gtex7_esophagus_gastroesophageal_junction;gtex7_esophagus_muscularis;gtex7_heart_atrial_appendage;gtex7_heart_left_ventricle;gtex7_liver;gtex7_lung;gtex7_minor_salivary_gland;gtex7_muscle_skeletal;gtex7_pituitary;gtex7_prostate;gtex7_skin_not_sun_exposed_suprapubic;gtex7_skin_sun_exposed_lower_leg;gtex7_small_intestine_terminal_ileum;gtex7_spleen;gtex7_stomach;gtex7_thyroid;gtex7_whole_blood,NA,NA,NA,NA,NA,0
RBM5,ENSG00000003756,rs62262139,OA,NA,3,50022049,10181,protein_coding,-134405,1,11,_coloc_,NA,NA,NA,NA,gtex7_esophagus_mucosa,-,-,NA,NA,NA,NA,NA,0
IFRD2,ENSG00000214706,rs62262139,OA,NA,3,50022049,7866,protein_coding,-308300,1,11,_DEGmRNA,NA,NA,NA,NA,-,-,-,NA,NA,NA,-0.196592306,0.016945263,0
HYAL1,ENSG00000114378,rs62262139,OA,NA,3,50022049,3373,protein_coding,-327763,1,11,_Animal-skeletal_,NA,NA,NA,NA,-,-,-,osteoarthritis; abnormal chondrocyte morphology,NA,NA,NA,NA,mucopolysaccharidoses
TMEM115,ENSG00000126062,rs62262139,OA,NA,3,50022049,11070,protein_coding,-374992,1,11,_DEGmRNA,NA,NA,NA,NA,-,-,-,NA,NA,NA,0.20979526,0.02257069,NA
ABHD14A-ACY1,ENSG00000114786,rs3774355,OA_hip,OA_kneehip,3,52817778,100526760,protein_coding,794579,0,12,_DEGmRNA,NA,NA,NA,NA,-,-,-,NA,NA,NA,-0.529337318,0.010858008,NA
RPL29,ENSG00000162244,rs3774355,OA_hip,OA_kneehip,3,52817778,6159,protein_coding,787820,0,12,_Animal-skeletal_,NA,NA,NA,NA,-,-,-,delayed bone ossification,NA,NA,NA,NA,NA
RP11-168J18.6,ENSG00000239557,rs3774355,OA_hip,OA_kneehip,3,52817778,NA,processed_pseudogene,408880,1,12,_MetaXcan_,NA,NA,NA,NA,-,-,gtex7_esophagus_mucosa,NA,NA,NA,NA,NA,NA
NT5DC2,ENSG00000168268,rs3774355,OA_hip,OA_kneehip,3,52817778,64943,protein_coding,248708,1,12,_coloc_piccolo_MetaXcan_,NA,NA,NA,NA,gtex7_lung,gtex7_esophagus_gastroesophageal_junction,gtex7_heart_left_ventricle;gtex7_thyroid,NA,NA,NA,NA,NA,0
RP5-966M1.5,ENSG00000270941,rs3774355,OA_hip,OA_kneehip,3,52817778,NA,processed_pseudogene,48749,1,12,_coloc_,NA,NA,NA,NA,gtex7_brain_cerebellar_hemisphere,-,-,NA,NA,NA,NA,NA,NA
NEK4,ENSG00000114904,rs3774355,OA_hip,OA_kneehip,3,52817778,6787,protein_coding,12813,1,12,_piccolo_MetaXcan_,NA,NA,NA,NA,-,gtex7_heart_atrial_appendage;gtex7_adipose_visceral_omentum;gtex7_skin_sun_exposed_lower_leg;gtex7_thyroid;gtex7_nerve_tibial;gtex7_adipose_subcutaneous;gtex7_muscle_skeletal;gtex7_cells_transformed_fibroblasts,gtex7_adipose_subcutaneous;gtex7_breast_mammary_tissue;gtex7_colon_sigmoid;gtex7_esophagus_mucosa;gtex7_pancreas;gtex7_prostate;gtex7_skin_not_sun_exposed_suprapubic;gtex7_skin_sun_exposed_lower_leg;gtex7_thyroid,NA,NA,NA,NA,NA,0
FGFRL1,ENSG00000127418,rs11732213,OA_kneehip,OA;OA_hip,4,1704244,53834,protein_coding,683559,0,13,_Animal-skeletal_,NA,NA,NA,NA,-,-,-,thin neurocranium; abnormal sphenoid bone morphology; abnormal hyoid bone morphology; short sternum; small basisphenoid bone; mandible hypoplasia; abnormal appendicular skeleton morphology; decreased hyoid bone size; axial skeleton hypoplasia; small basioccipital bone; domed cranium; abnormal occipital bone morphology; fusion of basioccipital and basisphenoid bone; abnormal skeleton morphology; abnormal cervical atlas morphology; abnormal sternum ossification; abnormal vertebrae morphology; abnormal neurocranium morphology; abnormal pelvic girdle bone morphology; decreased length of long bones; abnormal foramen magnum morphology; delayed cranial suture closure; abnormal cervical vertebrae morphology; abnormal thyroid cartilage morphology; abnormal cricoid cartilage morphology; decreased long bone epiphyseal plate size; small thoracic cage; small cranium,NA,NA,NA,NA,0
RNF212,ENSG00000178222,rs11732213,OA_kneehip,OA;OA_hip,4,1704244,285498,protein_coding,596894,0,13,_DEGmRNA,NA,NA,NA,NA,-,-,-,NA,NA,NA,-0.382551623,0.002680068,"recombination, genetic"
FAM53A,ENSG00000174137,rs11732213,OA_kneehip,OA;OA_hip,4,1704244,152877,protein_coding,18215,1,13,_coloc_piccolo_MetaXcan_,NA,NA,NA,NA,gtex7_thyroid;gtex7_skin_sun_exposed_lower_leg;gtex7_colon_transverse;gtex7_spleen;gtex7_cells_ebvtransformed_lymphocytes;gtex7_skin_not_sun_exposed_suprapubic;gtex7_stomach;gtex7_liver;gtex7_lung;gtex7_muscle_skeletal;gtex7_pancreas;gtex7_small_intestine_terminal_ileum;gtex7_esophagus_mucosa;gtex7_adipose_subcutaneous;gtex7_cells_transformed_fibroblasts;gtex7_whole_blood,gtex7_testis;gtex7_skin_sun_exposed_lower_leg;gtex7_cells_ebvtransformed_lymphocytes;gtex7_esophagus_mucosa;gtex7_lung;gtex7_colon_transverse;gtex7_nerve_tibial;gtex7_adipose_subcutaneous;gtex7_cells_transformed_fibroblasts;gtex7_pancreas;gtex7_whole_blood;Mono-IFN;Mono-mdp-6h;Mono-LPS-24h;Mono-rna-6h;gtex7_whole_blood;PBMC-naive;PBMC-rv;Dendritic-naive;Dendritic-MTB;Mono-re-rna-6h;Liver;Mono-LPS-6h;PBMC-re-rv;Mono-naive;Mono-naive;wb,gtex7_muscle_skeletal;gtex7_nerve_tibial;gtex7_testis;gtex7_whole_blood,NA,NA,NA,NA,NA,0
TMEM129,ENSG00000168936,rs11732213,OA_kneehip,OA;OA_hip,4,1704244,92305,protein_coding,-18841,1,13,_coloc_piccolo_,NA,NA,NA,NA,gtex7_brain_putamen_basal_ganglia,Mono-naive,-,NA,NA,NA,NA,NA,0
LETM1,ENSG00000168924,rs11732213,OA_kneehip,OA;OA_hip,4,1704244,3954,protein_coding,-153730,1,13,_DEGmRNA,NA,NA,NA,NA,-,-,-,NA,NA,NA,-0.21084547,0.026180145,wolf-hirschhorn syndrome
NSD2,ENSG00000109685,rs11732213,OA_kneehip,OA;OA_hip,4,1704244,7468,protein_coding,-279690,1,13,_Animal-skeletal_,NA,NA,NA,NA,-,-,-,malocclusion; abnormal sternum ossification; failure of sternum ossification,NA,NA,NA,NA,NA
SOD3,ENSG00000109610,rs34811474,OA,NA,4,25408838,6649,protein_coding,606374,0,15,_Animal-skeletal_,NA,NA,NA,NA,-,-,-,increased susceptibility to induced arthritis; arthritis,NA,NA,NA,NA,0
ZCCHC4,ENSG00000168228,rs34811474,OA,NA,4,25408838,29063,protein_coding,36833,1,15,_coloc_,NA,NA,NA,NA,gtex7_adrenal_gland,-,-,NA,NA,NA,NA,NA,NA
ANAPC4,ENSG00000053900,rs34811474,OA,NA,4,25408838,29945,protein_coding,0,1,15,Missense_,missense_variant,0.958013578,NA,NA,-,-,-,NA,NA,NA,NA,NA,NA
PPP3CA,ENSG00000138814,rs13107325,OA,NA,4,103188709,5530,protein_coding,919274,0,16,_DEGmRNA,NA,NA,NA,NA,-,-,-,NA,NA,NA,-0.228805602,0.009261919,0
CISD2,ENSG00000145354,rs13107325,OA,NA,4,103188709,493856,protein_coding,-625255,0,16,_Animal-skeletal_,NA,NA,NA,NA,-,-,-,abnormal bone mineralization; kyphosis; lordosis; decreased trabecular bone thickness; decreased bone mineral density,NA,NA,NA,NA,"hearing loss, sensorineural|wolfram syndrome"
U91328.22,ENSG00000272810,rs115740542,OA,OA_hip;OA_kneehip,6,26123502,NA,lincRNA,109517,1,19,_coloc_,NA,NA,NA,NA,gtex7_adrenal_gland,-,-,NA,NA,NA,NA,NA,NA
HFE,ENSG00000010704,rs115740542,OA,OA_hip;OA_kneehip,6,26123502,3077,protein_coding,24931,1,19,Missense_DEGmRNA,missense_variant,0.142000573,NA,NA,-,-,-,NA,NA,NA,0.291813464,0.020020051,"anemia, iron-deficiency|hemochromatosis|diabetic angiopathies|porphyria, variegate|porphyria cutanea tarda|porphyria cutanea tarda|alzheimer disease|porphyria cutanea tarda"
HIST1H2APS3,ENSG00000218281,rs115740542,OA,OA_hip;OA_kneehip,6,26123502,NA,unprocessed_pseudogene,-109981,1,19,_DEGmRNA,NA,NA,NA,NA,-,-,-,NA,NA,NA,1.442553592,0.034874355,NA
BTN2A2,ENSG00000124508,rs115740542,OA,OA_hip;OA_kneehip,6,26123502,10385,protein_coding,-271600,1,19,_DEGmRNA,NA,NA,NA,NA,-,-,-,NA,NA,NA,0.256234998,0.035425354,NA
BTN3A3,ENSG00000111801,rs115740542,OA,OA_hip;OA_kneehip,6,26123502,10384,protein_coding,-330141,1,19,_DEGmRNA,NA,NA,NA,NA,-,-,-,NA,NA,NA,0.38458116,0.01522296,NA
BTN2A1,ENSG00000112763,rs115740542,OA,OA_hip;OA_kneehip,6,26123502,11120,protein_coding,-353347,1,19,_DEGmRNA,NA,NA,NA,NA,-,-,-,NA,NA,NA,0.237812556,0.002799669,NA
RPL32P1,ENSG00000224796,rs9277552,OA_kneehip,OA_knee;OA,6,33055501,NA,processed_pseudogene,7864,1,20,_coloc_,NA,NA,NA,NA,gtex7_small_intestine_terminal_ileum,-,-,NA,NA,NA,NA,NA,NA
HLA-DPB1,ENSG00000223865,rs9277552,OA_kneehip,OA_knee;OA,6,33055501,3115,protein_coding,523,1,20,_coloc_,NA,NA,NA,NA,gtex7_brain_anterior_cingulate_cortex_ba24,-,-,NA,NA,NA,NA,NA,berylliosis|granulomatosis with polyangiitis
COL11A2,ENSG00000204248,rs9277552,OA_kneehip,OA_knee;OA,6,33055501,1302,protein_coding,-104775,1,20,_EO-OA_Animal-skeletal_,NA,NA,yes,NA,-,-,-,abnormal nasal bone morphology; disorganized long bone epiphyseal plate; abnormal chondrocyte morphology; abnormal articular cartilage morphology; abnormal cranium morphology,NA,NA,NA,NA,"abnormalities, multiple|arthritis|hearing loss, sensorineural|osteochondrodysplasias|osteochondrodysplasias|abnormalities, multiple|deafness|abnormalities, multiple|deafness|dwarfism|arthritis|hearing loss, sensorineural"
RING1,ENSG00000204227,rs9277552,OA_kneehip,OA_knee;OA,6,33055501,6015,protein_coding,-124998,1,20,_Animal-skeletal_,NA,NA,NA,NA,-,-,-,abnormal cervical axis morphology; increased rib number; abnormal vertebrae morphology; vertebral transformation; abnormal cervical atlas morphology,NA,NA,NA,NA,NA
BAK1,ENSG00000030110,rs9277552,OA_kneehip,OA_knee;OA,6,33055501,578,protein_coding,-492569,1,20,_Animal-skeletal_,NA,NA,NA,NA,-,-,-,arthritis,NA,NA,NA,NA,NA
NFKBIE,ENSG00000146232,rs12154055,OA,NA,6,44449697,4794,protein_coding,216172,1,21,_DEGmRNA,NA,NA,NA,NA,-,-,-,NA,NA,NA,0.232120825,0.046819284,0
RP1-244F24.1,ENSG00000271857,rs2396502,OA_hip,OA_kneehip,6,45357699,NA,antisense,-32043,1,"21,22",_coloc_,NA,NA,NA,NA,gtex7_colon_sigmoid,-,-,NA,NA,NA,NA,NA,NA
RCAN2,ENSG00000172348,rs2396502,OA_hip,OA_kneehip,6,45357699,10231,protein_coding,-1102010,0,22,_Animal-skeletal_DEGmRNA,NA,NA,NA,NA,-,-,-,short tibia,NA,NA,-0.862220262,0.000142993,0
BMP5,ENSG00000112175,rs80287694,OA_hip,NA,6,55636940,653,protein_coding,0,1,23,_Animal-skeletal_,NA,NA,NA,NA,-,-,-,absent ulna; decreased areal bone mineral density; split xiphoid process; short nasal bone; abnormal limb bone morphology; abnormal sternebra morphology; abnormal fibula morphology; abnormal femur morphology; decreased cranium height; decreased diameter of humerus; short humerus; abnormal sesamoid bone of gastrocnemius morphology; abnormal bone ossification; short ulna; decreased bone mineral density; decreased cranium length; abnormal outer ear cartilage morphology; increased length of long bones; abnormal sternum ossification; increased cranium width; long tibia; small xiphoid process; long humerus; abnormal hyoid bone lesser horn morphology; abnormal humerus morphology; abnormal cervical vertebrae morphology; abnormal thoracic vertebrae morphology; abnormal vertebral spinous process morphology; decreased rib number; abnormal laryngeal cartilage morphology; abnormal vertebrae morphology; abnormal xiphoid process morphology; abnormal cranium morphology; abnormal sacrum morphology; abnormal rib development; short maxilla; abnormal long bone morphology; abnormal rib morphology; abnormal skeleton morphology; abnormal cranium size; abnormal tibia morphology; abnormal bone healing; short femur; abnormal thyroid cartilage morphology; absent xiphoid process; abnormal cricoid cartilage morphology; abnormal sternum morphology; abnormal cartilage development; decreased bone mineral content; decreased diameter of long bones; short mandible; small cranium,NA,NA,NA,NA,0
COL12A1,ENSG00000111799,rs12209223,OA_hip,NA,6,76164589,1303,protein_coding,248822,1,24,_Animal-skeletal_,NA,NA,NA,NA,-,-,-,abnormal vertebral column morphology; kyphosis; abnormal vertebral spinous process morphology; abnormal skeleton development; kyphoscoliosis; decreased diameter of femur; abnormal compact bone morphology; short femur; decreased bone mineralization; decreased bone ossification; abnormal skeleton physiology; abnormal femur morphology; abnormal osteoblast physiology; abnormal bone structure; abnormal osteoblast morphology; abnormal skeleton morphology; decreased bone strength; abnormal cartilage development,NA,NA,NA,NA,muscular dystrophies|contracture|contracture
TMEM30A,ENSG00000112697,rs12209223,OA_hip,NA,6,76164589,55754,protein_coding,169905,1,24,_Animal-skeletal_,NA,NA,NA,NA,-,-,-,abnormal spine curvature,NA,NA,NA,NA,0
FILIP1,ENSG00000118407,rs12209223,OA_hip,NA,6,76164589,27145,protein_coding,0,1,24,_MetaXcan_DEGmRNA,NA,NA,NA,NA,-,-,gtex7_muscle_skeletal,NA,NA,NA,0.906766032,1.08E-06,0
MYO6,ENSG00000196586,rs12209223,OA_hip,NA,6,76164589,4646,protein_coding,-464665,1,24,_DEGProt_,NA,NA,NA,NA,-,-,-,NA,0.24466329,0.023009764,NA,NA,"hearing loss, sensorineural|deafness|hearing loss, sensorineural|deafness|hearing loss, sensorineural"
PON3,ENSG00000105852,rs11409738,OA,OA_kneehip,7,95719833,5446,protein_coding,694153,0,25,_DEGmRNA,NA,NA,NA,NA,-,-,-,NA,NA,NA,-0.342766188,0.010396041,amyotrophic lateral sclerosis
ERI1,ENSG00000104626,rs330050,OA,OA_kneehip;OA_hip,8,9087679,90459,protein_coding,113423,1,26,_MetaXcan_DEGmRNA,NA,NA,NA,NA,-,-,gtex7_lung,NA,NA,NA,-0.231183507,0.00111361,0
PPP1R3B,ENSG00000173281,rs330050,OA,OA_kneehip;OA_hip,8,9087679,79660,protein_coding,78595,1,26,_DEGmRNA,NA,NA,NA,NA,-,-,-,NA,NA,NA,-0.388943371,0.003708678,0
GSDMC,ENSG00000147697,rs60890741,OA_hip,NA,8,130768503,56169,protein_coding,0,1,27,_coloc_,NA,NA,NA,NA,gtex7_heart_left_ventricle,-,-,NA,NA,NA,NA,NA,0
SLC1A1,ENSG00000106688,rs10974438,OA,OA_kneehip,9,4291928,6505,protein_coding,-295541,1,28,_DEGmRNA,NA,NA,NA,NA,-,-,-,NA,NA,NA,-0.429293236,0.002028641,renal aminoacidurias|renal aminoacidurias
JAK2,ENSG00000096968,rs10974438,OA,OA_kneehip,9,4291928,3717,protein_coding,-836255,0,28,_Animal-skeletal_,NA,NA,NA,NA,-,-,-,myelofibrosis; abnormal bone marrow cavity morphology; abnormal bone marrow morphology,NA,NA,NA,NA,"polycythemia vera|thrombocythemia, essential|thrombocythemia, essential|primary myelofibrosis|primary myelofibrosis|polycythemia vera|budd-chiari syndrome|budd-chiari syndrome|polycythemia|thrombocytosis"
FKBP15,ENSG00000119321,rs919642,OA,OA_kneehip;OA_knee,9,116911147,23307,protein_coding,927506,0,29,_DEGmRNA,NA,NA,NA,NA,-,-,-,NA,NA,NA,0.18273758,0.02554058,0
CDC26,ENSG00000176386,rs919642,OA,OA_kneehip;OA_knee,9,116911147,246184,protein_coding,873278,0,29,_Animal-skeletal_,NA,NA,NA,NA,-,-,-,increased bone mineral density,NA,NA,NA,NA,NA
C9orf43,ENSG00000157653,rs919642,OA,OA_kneehip;OA_knee,9,116911147,257169,protein_coding,719183,0,29,_Animal-skeletal_,NA,NA,NA,NA,-,-,-,short tibia,NA,NA,NA,NA,0
ZNF618,ENSG00000157657,rs919642,OA,OA_kneehip;OA_knee,9,116911147,114991,protein_coding,92276,1,29,_DEGmRNA,NA,NA,NA,NA,-,-,-,NA,NA,NA,0.303350654,0.022498521,0
ORM1,ENSG00000229314,rs919642,OA,OA_kneehip;OA_knee,9,116911147,5004,protein_coding,-177608,1,"29,30",_DEGmRNA,NA,NA,NA,NA,-,-,-,NA,NA,NA,1.50539583,1.44E-05,0
TNFSF15,ENSG00000181634,rs919642,OA,OA_kneehip;OA_knee,9,116911147,9966,protein_coding,-657259,0,"29,30",_Animal-skeletal_DEGmRNA,NA,NA,NA,NA,-,-,-,decreased susceptibility to induced arthritis,NA,NA,0.646324138,0.000501846,"liver cirrhosis, biliary"
TNC,ENSG00000041982,rs919642,OA,OA_kneehip;OA_knee,9,116911147,3371,protein_coding,-969389,0,"29,30",_DEGProt_DEGmRNA,NA,NA,NA,NA,-,-,-,NA,0.324901301,0.040538403,0.55699123,0.006797149,"hearing loss, sensorineural|deafness"
TNFSF15,ENSG00000181634,rs1330349,OA_hip,NA,9,117840742,9966,protein_coding,272336,1,"29,30",_Animal-skeletal_DEGmRNA,NA,NA,NA,NA,-,-,-,decreased susceptibility to induced arthritis,NA,NA,0.646324138,0.000501846,"liver cirrhosis, biliary"
PBX3,ENSG00000167081,rs62578127,OA_hip,NA,9,129386860,5090,protein_coding,657204,0,32,_Animal-skeletal_,NA,NA,NA,NA,-,-,-,abnormal tooth morphology; decreased bone mineral density; increased bone mineral density; micrognathia,NA,NA,NA,NA,0
ANGPTL2,ENSG00000136859,rs62578127,OA_hip,NA,9,129386860,23452,protein_coding,-498302,1,32,_DEGmRNA,NA,NA,NA,NA,-,-,-,NA,NA,NA,0.483520714,0.014656503,NA
FAM129B,ENSG00000136830,rs62578127,OA_hip,NA,9,129386860,64855,protein_coding,-954408,0,32,_DEGProt_,NA,NA,NA,NA,-,-,-,NA,0.302462447,0.000597006,NA,NA,0
CAPN1,ENSG00000014216,rs10896015,OA_hip,NA,11,65323725,823,protein_coding,344248,1,35,_DEGmRNA,NA,NA,NA,NA,-,-,-,NA,NA,NA,0.312831256,0.00045951,"spastic paraplegia, hereditary"
NEAT1,ENSG00000245532,rs10896015,OA_hip,NA,11,65323725,NA,lincRNA,110714,1,35,_coloc_piccolo_,NA,NA,NA,NA,gtex7_brain_anterior_cingulate_cortex_ba24,gtex7_brain_frontal_cortex_ba9,-,NA,NA,NA,NA,NA,NA
MALAT1,ENSG00000251562,rs10896015,OA_hip,NA,11,65323725,NA,lincRNA,49738,1,35,_coloc_piccolo_,NA,NA,NA,NA,gtex7_muscle_skeletal,gtex7_esophagus_muscularis;gtex7_thyroid,-,NA,NA,NA,NA,NA,NA
SCYL1,ENSG00000142186,rs10896015,OA_hip,NA,11,65323725,57410,protein_coding,17550,1,35,_piccolo_Animal-skeletal_,NA,NA,NA,NA,-,gtex7_whole_blood,-,abnormal pelvic girdle bone morphology,NA,NA,NA,NA,spinocerebellar ataxias
LTBP3,ENSG00000168056,rs10896015,OA_hip,NA,11,65323725,4054,protein_coding,0,1,35,_coloc_piccolo_Animal-skeletal_DEGProt_DEGmRNA,NA,NA,NA,NA,gtex7_pituitary;gtex7_nerve_tibial,gtex7_nerve_tibial;CD4;Mono;Mono-naive,-,abnormal bone remodeling; abnormal basioccipital bone morphology; ectopic cranial bone; abnormal long bone metaphysis morphology; abnormal neurocranium morphology; abnormal craniofacial bone morphology; reduced enamel thickness; abnormal basicranium morphology; abnormal enamel organ morphology; kyphosis; abnormal synchondrosis; domed cranium; premature bone ossification; abnormal enamel morphology; malocclusion; increased width of hypertrophic chondrocyte zone; round orbits; abnormal cervical vertebrae morphology; short maxilla; misaligned incisors; abnormal long bone epiphyseal plate proliferative zone; prognathia; abnormal cranium morphology; osteoarthritis; abnormal thoracic cage shape; increased trabecular bone mass; abnormal basisphenoid bone morphology; occipital bossing; short basicranium; decreased length of long bones; abnormal foramen magnum morphology; abnormal trabecular bone morphology; abnormal joint morphology; abnormal frontal bone morphology; osteosclerosis; abnormal thoracic vertebrae morphology,0.318754008,0.038721103,0.464875484,0.010669547,osteochondrodysplasias|tooth abnormalities
SSSCA1-AS1,ENSG00000260233,rs10896015,OA_hip,NA,11,65323725,NA,processed_transcript,-14169,1,35,_coloc_piccolo_,NA,NA,NA,NA,gtex7_thyroid;gtex7_esophagus_muscularis;gtex7_colon_sigmoid;gtex7_pancreas;gtex7_cells_ebvtransformed_lymphocytes;gtex7_esophagus_gastroesophageal_junction;gtex7_muscle_skeletal;gtex7_adipose_subcutaneous;gtex7_artery_tibial;gtex7_heart_atrial_appendage,gtex7_cells_ebvtransformed_lymphocytes;gtex7_artery_tibial;gtex7_muscle_skeletal,-,NA,NA,NA,NA,NA,NA
FAM89B,ENSG00000176973,rs10896015,OA_hip,NA,11,65323725,23625,protein_coding,-17944,1,35,_coloc_piccolo_MetaXcan_,NA,NA,NA,NA,gtex7_muscle_skeletal,Mono-LPS-24h;Mono-LPS-2h;Macro-re-Salmonella;Macro-re-Listeria,gtex7_muscle_skeletal,NA,NA,NA,NA,NA,0
KCNK7,ENSG00000173338,rs10896015,OA_hip,NA,11,65323725,10089,protein_coding,-39742,1,35,_DEGmRNA,NA,NA,NA,NA,-,-,-,NA,NA,NA,-0.301960538,0.043511016,0
MAP3K11,ENSG00000173327,rs10896015,OA_hip,NA,11,65323725,4296,protein_coding,-59128,1,35,_Animal-skeletal_,NA,NA,NA,NA,-,-,-,abnormal tooth morphology; abnormal dental pulp cavity morphology; abnormal tooth development,NA,NA,NA,NA,0
RELA,ENSG00000173039,rs10896015,OA_hip,NA,11,65323725,5970,protein_coding,-106840,1,35,_Animal-skeletal_,NA,NA,NA,NA,-,-,-,abnormal bone structure,NA,NA,NA,NA,ependymoma
RNASEH2C,ENSG00000172922,rs10896015,OA_hip,NA,11,65323725,84153,protein_coding,-164693,1,35,_Animal-skeletal_,NA,NA,NA,NA,-,-,-,abnormal pelvic girdle bone morphology,NA,NA,NA,NA,autoimmune diseases of the nervous system
EFEMP2,ENSG00000172638,rs10896015,OA_hip,NA,11,65323725,30008,protein_coding,-317338,1,"35,36",_Animal-skeletal_,NA,NA,NA,NA,-,-,-,abnormal tendon collagen fibril morphology,NA,NA,NA,NA,"skin diseases, genetic|cutis laxa|vascular calcification"
FOSL1,ENSG00000175592,rs10896015,OA_hip,NA,11,65323725,8061,protein_coding,-344319,1,"35,36",_coloc_Animal-skeletal_,NA,NA,NA,NA,gtex7_adrenal_gland,-,-,abnormal osteoblast physiology; decreased bone mass; osteoporosis,NA,NA,NA,NA,NA
DRAP1,ENSG00000175550,rs10896015,OA_hip,NA,11,65323725,10589,protein_coding,-365307,1,"35,36",_DEGmRNA,NA,NA,NA,NA,-,-,-,NA,NA,NA,-0.194038984,0.022871632,0
TMEM151A,ENSG00000179292,rs10896015,OA_hip,NA,11,65323725,256472,protein_coding,-740410,0,"35,36",_DEGmRNA,NA,NA,NA,NA,-,-,-,NA,NA,NA,0.326018193,0.020159262,0
MRPL11,ENSG00000174547,rs10896015,OA_hip,NA,11,65323725,65003,protein_coding,-910484,0,"35,36",_DEGmRNA,NA,NA,NA,NA,-,-,-,NA,NA,NA,-0.192845002,0.042075402,0
EFEMP2,ENSG00000172638,rs34419890,OA_hip,NA,11,66501624,30008,protein_coding,860561,0,"35,36",_Animal-skeletal_,NA,NA,NA,NA,-,-,-,abnormal tendon collagen fibril morphology,NA,NA,NA,NA,"skin diseases, genetic|cutis laxa|vascular calcification"
DRAP1,ENSG00000175550,rs34419890,OA_hip,NA,11,66501624,10589,protein_coding,812592,0,"35,36",_DEGmRNA,NA,NA,NA,NA,-,-,-,NA,NA,NA,-0.194038984,0.022871632,0
TMEM151A,ENSG00000179292,rs34419890,OA_hip,NA,11,66501624,256472,protein_coding,437489,1,"35,36",_DEGmRNA,NA,NA,NA,NA,-,-,-,NA,NA,NA,0.326018193,0.020159262,0
B4GAT1,ENSG00000174684,rs34419890,OA_hip,NA,11,66501624,11041,protein_coding,386461,1,"35,36",_DEGmRNA,NA,NA,NA,NA,-,-,-,NA,NA,NA,0.285252184,0.00525985,walker-warburg syndrome|walker-warburg syndrome
NPAS4,ENSG00000174576,rs34419890,OA_hip,NA,11,66501624,266743,protein_coding,307446,1,"35,36",_coloc_,NA,NA,NA,NA,gtex7_testis,-,-,NA,NA,NA,NA,NA,NA
MRPL11,ENSG00000174547,rs34419890,OA_hip,NA,11,66501624,65003,protein_coding,267415,1,"35,36",_DEGmRNA,NA,NA,NA,NA,-,-,-,NA,NA,NA,-0.192845002,0.042075402,0
ZDHHC24,ENSG00000174165,rs34419890,OA_hip,NA,11,66501624,254359,protein_coding,187915,1,"35,36",_DEGmRNA,NA,NA,NA,NA,-,-,-,NA,NA,NA,0.161761317,0.017273876,0
SPTBN2,ENSG00000173898,rs34419890,OA_hip,NA,11,66501624,6712,protein_coding,4927,1,36,_Animal-skeletal_,NA,NA,NA,NA,-,-,-,short tibia,NA,NA,NA,NA,spinocerebellar ataxias|friedreich ataxia|spinocerebellar ataxias|spinocerebellar ataxias
PC,ENSG00000173599,rs34419890,OA_hip,NA,11,66501624,5091,protein_coding,-224223,1,36,_DEGProt_,NA,NA,NA,NA,-,-,-,NA,0.299184411,0.004015243,NA,NA,pyruvate carboxylase deficiency disease|pyruvate carboxylase deficiency disease|pyruvate carboxylase deficiency disease|pyruvate carboxylase deficiency disease
C11orf86,ENSG00000173237,rs34419890,OA_hip,NA,11,66501624,254439,protein_coding,-242851,1,36,_DEGmRNA,NA,NA,NA,NA,-,-,-,NA,NA,NA,-0.562002549,0.011933008,NA
ANKRD13D,ENSG00000172932,rs34419890,OA_hip,NA,11,66501624,338692,protein_coding,-568332,0,36,_Animal-skeletal_,NA,NA,NA,NA,-,-,-,abnormal rib morphology,NA,NA,NA,NA,0
RAD9A,ENSG00000172613,rs34419890,OA_hip,NA,11,66501624,5883,protein_coding,-664257,0,36,_coloc_,NA,NA,NA,NA,gtex7_colon_transverse;gtex7_artery_coronary;gtex7_brain_frontal_cortex_ba9,-,-,NA,NA,NA,NA,NA,0
RP11-21L23.4,ENSG00000254632,rs1149620,OA,NA,11,76506572,NA,antisense,27305,1,37,_coloc_,NA,NA,NA,NA,gtex7_skin_not_sun_exposed_suprapubic;gtex7_adipose_visceral_omentum;gtex7_breast_mammary_tissue;gtex7_liver;gtex7_colon_transverse;gtex7_nerve_tibial,-,-,NA,NA,NA,NA,NA,NA
PAK1,ENSG00000149269,rs1149620,OA,NA,11,76506572,5058,protein_coding,-679108,0,37,_Animal-skeletal_,NA,NA,NA,NA,-,-,-,abnormal bone structure; decreased bone mineral content,NA,NA,NA,NA,0
FTH1P16,ENSG00000227376,rs1149620,OA,NA,11,76506572,NA,processed_pseudogene,-939499,0,37,_DEGmRNA,NA,NA,NA,NA,-,-,-,NA,NA,NA,0.312210268,0.048747358,NA
RSF1,ENSG00000048649,rs1149620,OA,NA,11,76506572,51773,protein_coding,-1025491,0,37,_Animal-skeletal_,NA,NA,NA,NA,-,-,-,increased bone mineral content; short tibia,NA,NA,NA,NA,0
INTS13,ENSG00000064102,rs10492367,OA_hip,OA_kneehip,12,28014970,55726,protein_coding,923711,0,38,_DEGmRNA,NA,NA,NA,NA,-,-,-,NA,NA,NA,-0.240292502,0.014241259,NA
FGFR1OP2,ENSG00000111790,rs10492367,OA_hip,OA_kneehip,12,28014970,26127,protein_coding,895387,0,38,_DEGmRNA,NA,NA,NA,NA,-,-,-,NA,NA,NA,-0.133145448,0.039725155,0
REP15,ENSG00000174236,rs10492367,OA_hip,OA_kneehip,12,28014970,387849,protein_coding,164441,1,38,_DEGmRNA,NA,NA,NA,NA,-,-,-,NA,NA,NA,-0.646077347,0.002276999,0
SLC16A7,ENSG00000118596,rs79056043,OA_hip,NA,12,59289598,9194,protein_coding,-894038,0,39,_DEGmRNA,NA,NA,NA,NA,-,-,-,NA,NA,NA,0.314295515,0.0273079,0
SLC35E3,ENSG00000175782,rs317630,OA,NA,12,69637847,55508,protein_coding,450103,1,40,_DEGmRNA,NA,NA,NA,NA,-,-,-,NA,NA,NA,-0.208708458,0.028104031,NA
MDM2,ENSG00000135679,rs317630,OA,NA,12,69637847,4193,protein_coding,393381,1,40,_Animal-skeletal_,NA,NA,NA,NA,-,-,-,increased osteosarcoma incidence; abnormal bone marrow morphology,NA,NA,NA,NA,"li-fraumeni syndrome|liposarcoma|lipoma|cell transformation, neoplastic"
CPSF6,ENSG00000111605,rs317630,OA,NA,12,69637847,11052,protein_coding,0,1,40,_coloc_DEGmRNA,NA,NA,NA,NA,gtex7_brain_cerebellum,-,-,NA,NA,NA,-0.223373896,0.016522705,0
LYZ,ENSG00000090382,rs317630,OA,NA,12,69637847,4069,protein_coding,-110167,1,40,_Animal-skeletal_,NA,NA,NA,NA,-,-,-,increased susceptibility to induced arthritis; abnormal osteoclast differentiation; increased trabecular bone volume; decreased compact bone mass; decreased trabecular bone volume; osteoporosis; decreased bone trabecula number; abnormal bone ossification; decreased bone mineral density; decreased compact bone thickness; decreased osteoclast cell number; increased osteoclast cell number; increased bone volume; increased bone trabecular spacing; abnormal skeleton development; arthritis; decreased susceptibility to induced arthritis; decreased trabecular bone mass; decreased bone resorption; increased bone mineral density; abnormal trabecular bone morphology; abnormal compact bone morphology; abnormal osteoclast physiology; increased bone resorption; abnormal osteoclast morphology; osteopetrosis,NA,NA,NA,NA,"amyloidosis, familial|amyloidosis"
FRS2,ENSG00000166225,rs317630,OA,NA,12,69637847,10818,protein_coding,-335722,1,40,_Animal-skeletal_,NA,NA,NA,NA,-,-,-,decreased bone mineral content,NA,NA,NA,NA,0
CCT2,ENSG00000166226,rs317630,OA,NA,12,69637847,10576,protein_coding,-357503,1,40,_DEGmRNA,NA,NA,NA,NA,-,-,-,NA,NA,NA,-0.199418024,0.020020669,0
RAB3IP,ENSG00000127328,rs317630,OA,NA,12,69637847,117177,protein_coding,-579137,0,40,_Animal-skeletal_,NA,NA,NA,NA,-,-,-,decreased bone mineral density; decreased bone mineral content,NA,NA,NA,NA,0
MYRFL,ENSG00000166268,rs317630,OA,NA,12,69637847,196446,protein_coding,-715030,0,40,_Animal-skeletal_,NA,NA,NA,NA,-,-,-,decreased rib number,NA,NA,NA,NA,0
DUSP6,ENSG00000139318,rs11105466,OA_kneehip,NA,12,90326919,1848,protein_coding,579871,0,41,_Animal-skeletal_,NA,NA,NA,NA,-,-,-,premature coronal suture closure; delayed bone ossification; abnormal long bone epiphyseal ossification zone morphology; abnormal long bone hypertrophic chondrocyte zone; abnormal cranium morphology; abnormal middle ear ossicle morphology,NA,NA,NA,NA,hypogonadism|hypogonadism|kallmann syndrome
CEP83,ENSG00000173588,rs2171126,OA,OA_kneehip,12,94167220,51134,protein_coding,-686544,0,42,_DEGmRNA,NA,NA,NA,NA,-,-,-,NA,NA,NA,-0.242622679,0.005365728,"kidney diseases, cystic|kidney diseases, cystic"
P2RX7,ENSG00000089041,rs11059094,OA_hip,NA,12,122606837,5027,protein_coding,981002,0,43,_Animal-skeletal_,NA,NA,NA,NA,-,-,-,decreased diameter of tibia; abnormal skeleton development; decreased diameter of femur; abnormal skeleton physiology; decreased diameter of long bones; increased osteoclast cell number,NA,NA,NA,NA,0
CCDC150P1,ENSG00000256304,rs11059094,OA_hip,NA,12,122606837,NA,processed_pseudogene,-202046,1,43,_DEGmRNA,NA,NA,NA,NA,-,-,-,NA,NA,NA,-0.310836478,0.028123892,NA
HIP1R,ENSG00000130787,rs11059094,OA_hip,NA,12,122606837,9026,protein_coding,-740670,0,"43,44",_Animal-skeletal_DEGmRNA,NA,NA,NA,NA,-,-,-,abnormal spine curvature; abnormal bone marrow cavity morphology,NA,NA,-0.30298263,0.007908288,0
VPS37B,ENSG00000139722,rs11059094,OA_hip,NA,12,122606837,79720,protein_coding,-774154,0,"43,44",_DEGmRNA,NA,NA,NA,NA,-,-,-,NA,NA,NA,-0.243724433,0.014790117,0
PITPNM2,ENSG00000090975,rs11059094,OA_hip,NA,12,122606837,57605,protein_coding,-1027725,0,"43,44",_DEGmRNA,NA,NA,NA,NA,-,-,-,NA,NA,NA,-0.490913682,7.83E-05,0
DENR,ENSG00000139726,rs56116847,OA_knee,OA;OA_kneehip,12,123835233,8562,protein_coding,579622,0,"43,44",_Animal-skeletal_DEGmRNA,NA,NA,NA,NA,-,-,-,decreased lumbar vertebrae number; increased rib number; increased sacral vertebrae number,NA,NA,-0.220902828,0.001269604,0
HIP1R,ENSG00000130787,rs56116847,OA_knee,OA;OA_kneehip,12,123835233,9026,protein_coding,487726,1,"43,44",_Animal-skeletal_DEGmRNA,NA,NA,NA,NA,-,-,-,abnormal spine curvature; abnormal bone marrow cavity morphology,NA,NA,-0.30298263,0.007908288,0
CDK2AP1,ENSG00000111328,rs56116847,OA_knee,OA;OA_kneehip,12,123835233,8099,protein_coding,78352,1,44,_coloc_MetaXcan_DEGmRNA,NA,NA,NA,NA,gtex7_thyroid;gtex7_skin_not_sun_exposed_suprapubic;gtex7_colon_transverse;gtex7_cells_transformed_fibroblasts;gtex7_skin_sun_exposed_lower_leg;gtex7_esophagus_muscularis;gtex7_breast_mammary_tissue;gtex7_adipose_visceral_omentum;gtex7_esophagus_mucosa;gtex7_nerve_tibial;gtex7_lung;gtex7_artery_aorta;gtex7_adipose_subcutaneous,-,gtex7_adipose_visceral_omentum;gtex7_breast_mammary_tissue;gtex7_colon_transverse;gtex7_esophagus_mucosa;gtex7_small_intestine_terminal_ileum;gtex7_spleen,NA,NA,NA,-0.153367358,0.047895161,0
SBNO1,ENSG00000139697,rs56116847,OA_knee,OA;OA_kneehip,12,123835233,55206,protein_coding,0,1,44,_MetaXcan_,NA,NA,NA,NA,-,-,gtex7_brain_substantia_nigra,NA,NA,NA,NA,NA,0
CYP19A1,ENSG00000137869,rs35912128,OA_knee,NA,15,50731131,1588,protein_coding,-899676,0,45,_Animal-skeletal_,NA,NA,NA,NA,-,-,-,abnormal bone trabecula morphology; abnormal trabecular bone morphology; abnormal compact bone morphology; decreased bone mass; increased bone resorption; decreased bone mineral density; increased osteoclast cell number,NA,NA,NA,NA,"infertility, male|puberty, precocious|infertility, male|puberty, precocious"
ALDH1A2,ENSG00000128918,rs4775006,OA_knee,NA,15,58215727,8854,protein_coding,-574338,0,46,_coloc_piccolo_MetaXcan_Animal-skeletal_DEGProt_,NA,NA,NA,NA,gtex7_ovary;gtex7_artery_tibial,gtex7_artery_tibial,gtex7_artery_tibial,abnormal laryngeal cartilage morphology; abnormal thyroid cartilage morphology; abnormal tracheal cartilage morphology; abnormal cricoid cartilage morphology; decreased tracheal cartilage ring number,-0.343681762,0.0218086,NA,NA,0
SMAD3,ENSG00000166949,rs12901372,OA_hip,NA,15,67370506,4088,protein_coding,0,1,47,_EO-OA_coloc_piccolo_MetaXcan_Animal-skeletal_,NA,NA,yes,NA,gtex7_muscle_skeletal,gtex7_muscle_skeletal,gtex7_muscle_skeletal,abnormal tarsal bone morphology; kyphosis; abnormal articular cartilage morphology; abnormal epiphyseal plate morphology; abnormal sternum morphology; abnormal talus morphology; abnormal joint morphology; abnormal Meckel's cartilage morphology; abnormal carpal bone morphology; abnormal joint capsule morphology; kyphoscoliosis; osteoarthritis; abnormal thoracic cage morphology; abnormal cartilage morphology; abnormal skeleton physiology; increased width of hypertrophic chondrocyte zone; abnormal chondrocyte morphology; abnormal rib morphology; decreased bone mineral density; calcified joint,NA,NA,NA,NA,"loeys-dietz syndrome|aortic aneurysm, thoracic|loeys-dietz syndrome"
ISLR,ENSG00000129009,rs35206230,OA,OA_kneehip,15,75097780,3671,protein_coding,628567,0,48,_Animal-skeletal_DEGmRNA,NA,NA,NA,NA,-,-,-,long radius; abnormal osteoid morphology; long tibia; abnormal osteoblast morphology; increased osteoid volume; increased osteoblast cell number,NA,NA,0.489449969,0.002184296,0
LMAN1L,ENSG00000140506,rs35206230,OA,OA_kneehip,15,75097780,79748,protein_coding,-20319,1,48,_piccolo_,NA,NA,NA,NA,-,mono-re-Flu,-,NA,NA,NA,NA,NA,0
ULK3,ENSG00000140474,rs35206230,OA,OA_kneehip,15,75097780,25989,protein_coding,-37907,1,48,_coloc_piccolo_MetaXcan_,NA,NA,NA,NA,gtex7_lung,Macro-naive,gtex7_heart_left_ventricle;gtex7_lung,NA,NA,NA,NA,NA,0
SCAMP2,ENSG00000140497,rs35206230,OA,OA_kneehip,15,75097780,10066,protein_coding,-67926,1,48,_coloc_MetaXcan_,NA,NA,NA,NA,gtex7_brain_cerebellar_hemisphere,-,gtex7_brain_cerebellar_hemisphere;gtex7_esophagus_mucosa,NA,NA,NA,NA,NA,0
NEIL1,ENSG00000140398,rs35206230,OA,OA_kneehip,15,75097780,79661,protein_coding,-551675,0,48,_Animal-skeletal_,NA,NA,NA,NA,-,-,-,joint inflammation,NA,NA,NA,NA,0
MAN2C1,ENSG00000140400,rs35206230,OA,OA_kneehip,15,75097780,4123,protein_coding,-563191,0,48,_DEGProt_,NA,NA,NA,NA,-,-,-,NA,-0.39110454,0.000951837,NA,NA,0
RBL2,ENSG00000103479,rs9930333,OA_kneehip,NA,16,53799977,5934,protein_coding,274416,1,49,_Animal-skeletal_,NA,NA,NA,NA,-,-,-,abnormal supraoccipital bone morphology; abnormal long bone epiphyseal ossification zone morphology; short tibia; abnormal limb bone morphology; increased diameter of radius; abnormal craniofacial bone morphology; short radius; abnormal chondrocyte morphology; abnormal humerus morphology; short ulna; abnormal scapular spine morphology; abnormal tooth development; short humerus; abnormal tracheal cartilage morphology; short fibula; abnormal long bone epiphyseal plate proliferative zone; abnormal middle ear ossicle morphology; absent incisors; small incisors; abnormal rib development; increased diameter of humerus; interparietal bone hypoplasia; delayed endochondral bone ossification; increased width of hypertrophic chondrocyte zone; increased diameter of ulna; decreased length of long bones; short femur; abnormal long bone epiphyseal plate morphology; small supraoccipital bone; decreased long bone epiphyseal plate size; small thoracic cage; abnormal bone mineralization,NA,NA,NA,NA,0
AKTIP,ENSG00000166971,rs9930333,OA_kneehip,NA,16,53799977,64400,protein_coding,261654,1,49,_Animal-skeletal_,NA,NA,NA,NA,-,-,-,decreased bone mineral density; abnormal bone structure; short tibia; decreased bone mineral content,NA,NA,NA,NA,0
RPGRIP1L,ENSG00000103494,rs9930333,OA_kneehip,NA,16,53799977,23322,protein_coding,62127,1,49,_Animal-skeletal_DEGmRNA,NA,NA,NA,NA,-,-,-,abnormal viscerocranium morphology; abnormal basioccipital bone morphology; fusion of vertebral arches; abnormal maxilla morphology; mandible hypoplasia; abnormal cervical vertebrae morphology; abnormal cranium morphology; absent vertebral body; abnormal vertebral arch morphology; abnormal mandible morphology; abnormal incisor morphology; abnormal hyoid bone morphology; abnormal basisphenoid bone morphology; abnormal rib morphology; abnormal vertebral body morphology,NA,NA,-0.359198803,2.61E-05,cerebellar diseases|polycystic kidney diseases|cerebellar diseases|cholestasis|cholestasis|encephalocele
FTO,ENSG00000140718,rs9930333,OA_kneehip,NA,16,53799977,79068,protein_coding,0,1,49,_Animal-skeletal_,NA,NA,NA,NA,-,-,-,decreased bone mineral density,NA,NA,NA,NA,obesity|dwarfism
FUK,ENSG00000157353,rs6499244,OA_knee,OA_kneehip,16,69735271,197258,protein_coding,-778906,0,50,_DEGProt_,NA,NA,NA,NA,-,-,-,NA,-0.439453528,0.000504667,NA,NA,0
IL34,ENSG00000157368,rs6499244,OA_knee,OA_kneehip,16,69735271,146433,protein_coding,-959314,0,50,_DEGmRNA,NA,NA,NA,NA,-,-,-,NA,NA,NA,0.480696361,0.043877447,NA
CYBA,ENSG00000051523,rs1126464,OA,NA,16,89704365,1535,protein_coding,986805,0,51,_Animal-skeletal_DEGmRNA,NA,NA,NA,NA,-,-,-,increased bone mineral content,NA,NA,0.621756036,5.24E-05,"granulomatous disease, chronic|granulomatous disease, chronic"
RPA1,ENSG00000132383,rs35087650,OA_knee,NA,17,2058349,6117,protein_coding,254973,1,52,_DEGProt_,NA,NA,NA,NA,-,-,-,NA,-0.187645059,0.020961323,NA,NA,0
DPH1,ENSG00000108963,rs35087650,OA_knee,NA,17,2058349,1801,protein_coding,111625,1,52,_Animal-skeletal_DEGmRNA,NA,NA,NA,NA,-,-,-,short nasal bone; mandible hypoplasia; short Meckel's cartilage; absent palatine bone; abnormal skeleton development; abnormal craniofacial bone morphology; small nasal bone; decreased cranium length; short mandible; small cranium; micrognathia,NA,NA,-0.186736825,0.018788892,neurodevelopmental disorders
RNF135,ENSG00000181481,rs2953013,OA_kneehip,NA,17,29496343,84282,protein_coding,169414,1,53,_BoneDis_DEGmRNA,NA,NA,NA,yes,-,-,-,NA,NA,NA,0.172206368,0.005821962,"bone diseases, developmental|megalencephaly"
RP11-271K11.5,ENSG00000265798,rs2953013,OA_kneehip,NA,17,29496343,NA,transcribed_unprocessed_pseudogene,110204,1,53,_MetaXcan_,NA,NA,NA,NA,-,-,gtex7_breast_mammary_tissue,NA,NA,NA,NA,NA,NA
RP11-259G18.3,ENSG00000262539,rs62063281,OA_hip,NA,17,44038785,NA,processed_pseudogene,-299187,1,"54,55",_MetaXcan_,NA,NA,NA,NA,-,-,gtex7_adipose_subcutaneous;gtex7_adrenal_gland;gtex7_artery_aorta;gtex7_artery_coronary;gtex7_artery_tibial;gtex7_brain_amygdala;gtex7_brain_anterior_cingulate_cortex_ba24;gtex7_brain_caudate_basal_ganglia;gtex7_brain_cerebellar_hemisphere;gtex7_brain_cerebellum;gtex7_brain_cortex;gtex7_brain_frontal_cortex_ba9;gtex7_brain_hippocampus;gtex7_brain_hypothalamus;gtex7_brain_spinal_cord_cervical_c-1;gtex7_brain_substantia_nigra;gtex7_breast_mammary_tissue;gtex7_cells_transformed_fibroblasts;gtex7_colon_sigmoid;gtex7_esophagus_gastroesophageal_junction;gtex7_esophagus_mucosa;gtex7_esophagus_muscularis;gtex7_heart_atrial_appendage;gtex7_heart_left_ventricle;gtex7_lung;gtex7_minor_salivary_gland;gtex7_muscle_skeletal;gtex7_nerve_tibial;gtex7_ovary;gtex7_pancreas;gtex7_pituitary;gtex7_prostate;gtex7_skin_not_sun_exposed_suprapubic;gtex7_skin_sun_exposed_lower_leg;gtex7_spleen;gtex7_stomach;gtex7_testis;gtex7_thyroid;gtex7_uterus;gtex7_vagina;gtex7_whole_blood,NA,NA,NA,NA,NA,NA
PLEKHM1,ENSG00000225190,rs547116051,OA,NA,17,44057886,9842,protein_coding,489771,1,"54,55",_coloc_Animal-skeletal_,NA,NA,NA,NA,gtex7_brain_hippocampus,-,-,decreased osteoblast cell number; short tibia; increased bone mineral content; abnormal vertebrae morphology; increased bone trabecula number; abnormal osteoclast physiology; decreased bone mineralization; decreased bone ossification; increased trabecular bone volume; decreased bone resorption; abnormal osteoclast morphology; increased trabecular bone mass; decreased bone trabecular spacing,NA,NA,NA,NA,osteopetrosis|osteopetrosis
TBX2,ENSG00000121068,rs7222178,OA_hip,NA,17,59652282,6909,protein_coding,165455,1,56,_DEGmRNA,NA,NA,NA,NA,-,-,-,NA,NA,NA,0.617428054,0.006012737,monosomy
TBX4,ENSG00000121075,rs7222178,OA_hip,NA,17,59652282,9496,protein_coding,89811,1,56,_BoneDis_Animal-skeletal_DEGmRNA,NA,NA,NA,yes,-,-,-,abnormal pelvic girdle bone morphology; abnormal ischium morphology; abnormal metatarsal bone morphology; short tibia; abnormal patella morphology; fused phalanges; short femur; abnormal fibula morphology; fused tarsal bones; absent femur; short fibula,NA,NA,-0.440249286,5.26E-06,"familial primary pulmonary hypertension|clubfoot|monosomy|bone diseases, developmental"
COL5A3,ENSG00000080573,rs1560707,OA,NA,19,10750738,50509,protein_coding,629591,0,59,_DEGmRNA,NA,NA,NA,NA,-,-,-,NA,NA,NA,0.998088317,8.40E-05,0
ANGPTL6,ENSG00000130812,rs1560707,OA,NA,19,10750738,83854,protein_coding,537266,0,59,_DEGmRNA,NA,NA,NA,NA,-,-,-,NA,NA,NA,0.367741376,0.011130865,0
PPAN,ENSG00000130810,rs1560707,OA,NA,19,10750738,56342,protein_coding,528428,0,59,_DEGmRNA,NA,NA,NA,NA,-,-,-,NA,NA,NA,-0.293388613,0.000623259,0
P2RY11,ENSG00000244165,rs1560707,OA,NA,19,10750738,5032,protein_coding,524690,0,59,_DEGmRNA,NA,NA,NA,NA,-,-,-,NA,NA,NA,-0.215746282,0.036042811,narcolepsy
DNMT1,ENSG00000130816,rs1560707,OA,NA,19,10750738,1786,protein_coding,408776,1,59,_DEGmRNA,NA,NA,NA,NA,-,-,-,NA,NA,NA,-0.321116171,5.84E-05,hereditary sensory and motor neuropathy|cerebellar ataxia|hereditary sensory and motor neuropathy|cerebellar ataxia
S1PR2,ENSG00000267534,rs1560707,OA,NA,19,10750738,9294,protein_coding,408731,1,59,_Animal-skeletal_DEGmRNA,NA,NA,NA,NA,-,-,-,otosclerosis,NA,NA,-0.226754975,0.026023879,"hearing loss, sensorineural|deafness"
ICAM1,ENSG00000090339,rs1560707,OA,NA,19,10750738,3383,protein_coding,353447,1,59,_DEGmRNA,NA,NA,NA,NA,-,-,-,NA,NA,NA,0.45258433,0.00248424,malaria
CYP2T1P,ENSG00000233622,rs75621460,OA,OA_kneehip,19,41833784,NA,transcribed_unitary_pseudogene,516489,0,60,_DEGmRNA,NA,NA,NA,NA,-,-,-,NA,NA,NA,0.258523272,0.024547478,NA
TGFB1,ENSG00000105329,rs75621460,OA,OA_kneehip,19,41833784,7040,protein_coding,0,1,60,_coloc_Animal-skeletal_,NA,NA,NA,NA,gtex7_skin_sun_exposed_lower_leg,-,-,misaligned incisors; kyphosis; decreased osteoblast cell number; abnormal incisor color; abnormal bone ossification; ameloblast degeneration; abnormal incisor morphology; abnormal tooth attrition; abnormal tooth morphology; abnormal enamel morphology; malocclusion; abnormal tooth mineralization,NA,NA,NA,NA,camurati-engelmann syndrome|camurati-engelmann syndrome|cystic fibrosis|cystic fibrosis
TMEM145,ENSG00000167619,rs75621460,OA,OA_kneehip,19,41833784,284339,protein_coding,-995430,0,60,_DEGmRNA,NA,NA,NA,NA,-,-,-,NA,NA,NA,-0.48422835,0.035206951,NA
COX6B2,ENSG00000160471,rs4252548,OA_hip,NA,19,55879672,125965,protein_coding,13490,1,61,_DEGmRNA,NA,NA,NA,NA,-,-,-,NA,NA,NA,0.461716161,0.022633751,NA
KCNJ15,ENSG00000157551,rs2836618,OA_hip,OA_kneehip,21,40048295,3772,protein_coding,369016,1,63,_DEGmRNA,NA,NA,NA,NA,-,-,-,NA,NA,NA,0.389005253,0.003654586,NA
ERG,ENSG00000157554,rs2836618,OA_hip,OA_kneehip,21,40048295,2078,protein_coding,14591,1,63,_coloc_Animal-skeletal_DEGmRNA,NA,NA,NA,NA,gtex7_brain_cortex,-,-,increased susceptibility to induced arthritis; osteoarthritis; abnormal articular cartilage morphology,NA,NA,-0.470117433,1.24E-05,"sarcoma, ewing|neuroectodermal tumors, primitive, peripheral|sarcoma, ewing"
PSMG1,ENSG00000183527,rs2836618,OA_hip,OA_kneehip,21,40048295,8624,protein_coding,-507482,0,63,_DEGmRNA,NA,NA,NA,NA,-,-,-,NA,NA,NA,-0.309627478,0.004090286,0
HMGN1,ENSG00000205581,rs2836618,OA_hip,OA_kneehip,21,40048295,3150,protein_coding,-673278,0,63,_DEGmRNA,NA,NA,NA,NA,-,-,-,NA,NA,NA,-0.197060482,0.005800222,0
RRP7A,ENSG00000189306,rs528981060,OA,NA,22,43662241,27341,protein_coding,746433,0,64,_DEGmRNA,NA,NA,NA,NA,-,-,-,NA,NA,NA,-0.193642221,0.012364198,NA
RRP7BP,ENSG00000182841,rs528981060,OA,NA,22,43662241,NA,transcribed_unprocessed_pseudogene,684197,0,64,_DEGmRNA,NA,NA,NA,NA,-,-,-,NA,NA,NA,-0.237695236,0.011237261,NA
CYB5R3,ENSG00000100243,rs528981060,OA,NA,22,43662241,1727,protein_coding,616667,0,64,_DEGmRNA,NA,NA,NA,NA,-,-,-,NA,NA,NA,0.299955981,0.0138835,methemoglobinemia|methemoglobinemia|methemoglobinemia
A4GALT,ENSG00000128274,rs528981060,OA,NA,22,43662241,53947,protein_coding,544937,0,64,_DEGmRNA,NA,NA,NA,NA,-,-,-,NA,NA,NA,0.375100708,0.001059022,transfusion reaction
TTLL12,ENSG00000100304,rs528981060,OA,NA,22,43662241,23170,protein_coding,79102,1,64,_DEGmRNA,NA,NA,NA,NA,-,-,-,NA,NA,NA,0.179311219,0.038969995,0
PARVB,ENSG00000188677,rs528981060,OA,NA,22,43662241,29780,protein_coding,-906588,0,64,_Animal-skeletal_DEGmRNA,NA,NA,NA,NA,-,-,-,decreased bone mineral density; abnormal bone mineralization; increased bone mineral density,NA,NA,0.201828744,0.034411676,0